Feature,Importance_Score
vol_ratio_20,0.4297507218356478
ma25_dev,0.09567336926753055
ma25_slope,0.09070120234607304
ma75_dev,0.06923877390579485
bb_width,0.06093056377346533
rsi14,0.05720295777482777
atr_ratio,0.05267399711697145
ma200_dev,0.049035301722711325
dist_to_52w_high,0.04799072602854541
dist_to_52w_low,0.046802386228432434
