,count,mean,std,min,25%,50%,75%,max
return_5d,12647.0,156276.12328295715,17574602.19324155,-23.83292485837903,-1.691520072235152,0.07645416337802828,1.9343922881215363,1976420103.5718906
return_10d,12640.0,156362.96598110584,17579467.902134992,-40.298505153114796,-2.3273075028771313,0.15431977921971674,2.759301270682403,1976420103.5718906
return_20d,12621.0,1.2120236688743342,10.714274515908725,-52.189594785297025,-3.1645557168769747,0.4210589799623925,4.278380798251063,406.7567567567568
return_40d,12511.0,1.9923141914695432,15.387703646400317,-57.35575253492507,-4.513854853636225,0.6109977329322405,6.503406572827403,500.51725717787264
return_60d,12453.0,2.7369149445693353,18.026206548699108,-62.02941489636659,-5.3737403147476845,0.8658095297421576,8.412761526749323,365.5172536262579
return_120d,11987.0,6.904995437592214,30.586591785243012,-79.13322632423755,-6.692212573872075,2.8455284552845526,14.920874421940413,1272.7272727272727
