event_type,signals,big_winners,big_winner_rate,avg_future_max_return_pct,median_future_max_return_pct,avg_volume_ratio_20,avg_congestion_width_pct,avg_close_vs_52w_high_pct
trend_building,1993616,139447,0.06994677009012769,30550.75097415392,21.88734912261193,1.0318443617494548,14.51170937404735,-9.111024111251783
breakout_confirmed,78379,5013,0.06395845826050345,178031.96077851646,21.176481293392687,2.654501068644109,12.50499203874343,-0.8465291150718515
sniper_breakout,3797,206,0.05425335791414274,563644.7840453668,17.682354161539163,3.265429968088755,2.4999226741769656,-9.102006909845327
congestion_tight,2786617,148360,0.05324018334776541,90316.26674604043,18.305876165887376,1.0542405799206875,4.1673164221843635,-15.59132209229978
qualified,215165,27388,0.1272883600957405,1526822.0319534785,30.897441645722708,1.068052048954399,11.974760194302366,-12.891203630872942
fundamental_support_only,265665,31371,0.1180848060527356,1236597.1432677975,29.66449190058922,1.0653273373481453,11.80679345085269,-13.112642349873232
theme_tailwind_only,4071061,248442,0.061026351607111756,80728.69440298904,20.207439375627327,1.0738019292010037,8.542391117757552,-12.48501418874753
