rule,signals,wins,stops,others,win_rate,stop_rate,avg_pnl_pct,median_pnl_pct,avg_days_held
volume>=1.5 & close_loc mid,332,57,113,162,0.1716867469879518,0.34036144578313254,1.736762957899856,1.2678093376580333,14.316265060240964
volume>=1.5 & close_loc>=33,883,139,281,463,0.15741789354473387,0.318233295583239,2218487.991520343,1.2692501062378372,14.781426953567385
volume>=1.5,1058,160,325,573,0.15122873345935728,0.30718336483931946,1851536.1830511736,1.3823368835625538,14.994328922495274
volume>=1.5 & close_loc>=66,551,82,168,301,0.14882032667876588,0.30490018148820325,3555216.551555646,1.3399396650264617,15.061705989110708
all,5757,728,1873,3156,0.12645475073823173,0.32534306062185164,1020808.8445710212,0.8362391533905533,15.249782873024145
volume>=1.5 & close_loc<33,175,21,44,110,0.12,0.25142857142857145,2.2008895899209118,1.7555089247181597,16.068571428571428
